Номер студента,Сумма,Курс,Время
437,"8 950,00",ML про,04.08.2026 09:08:31
437,"7 890,00",Аналитика старт,04.08.2026 09:35:00
443,"8 475,00",Линейная алгебра,04.08.2026 10:14:38
443,"8 475,00",Мат анализ,04.08.2026 10:14:38
430,"8 950,00",К ВУЗу,04.08.2026 13:38:06
480,"15 695,00",Data Science,04.08.2026 16:17:19
131,"8 745,00",Backend старт,04.08.2026 17:05:46
571,"8 475,00",ML про,04.08.2026 17:19:52
571,"8 475,00",ML старт,04.08.2026 17:19:52
159,"8 475,00",Backend про,05.08.2026 12:56:32
159,"8 475,00",Backend старт,05.08.2026 12:56:32
126,"8 745,00",ML старт,05.08.2026 13:22:41
225,"8 745,00",АВ тестам,05.08.2026 14:22:34
137,"8 475,00",Backend старт,05.08.2026 15:01:16
280,"8 245,00",ML старт,05.08.2026 16:37:02
222,"7 975,00",Backend про,05.08.2026 18:52:56
222,"7 975,00",Backend старт,05.08.2026 18:52:56
291,"9 950,00",Линейная алгебра,06.08.2026 10:06:16
291,"9 950,00",Мат анализ,06.08.2026 10:06:16
295,"6 950,00",К ВУЗу,06.08.2026 10:14:55
294,"9 950,00",Линейная алгебра,06.08.2026 10:39:31
325,"9 950,00",Линейная алгебра,06.08.2026 11:41:17
166,"6 950,00",К ВУЗу,06.08.2026 12:15:46
477,"500,00",Теория вероятностей,06.08.2026 14:52:49
579,"8 245,00",ML старт,06.08.2026 16:20:47
334,"9 950,00",Линейная алгебра,07.08.2026 11:16:14
334,"9 950,00",Мат анализ,07.08.2026 11:16:14
459,"9 950,00",Мат анализ,07.08.2026 11:31:08
313,"9 450,00",Мат анализ,07.08.2026 11:58:49
481,"8 745,00",ML про,07.08.2026 13:09:54
249,"6 950,00",К ВУЗу,07.08.2026 19:38:55
259,"8 745,00",ML про,08.08.2026 07:59:01
26,"6 490,00",Backend старт,08.08.2026 09:23:01
183,"6 490,00",Backend старт,08.08.2026 10:08:11
47,"4 995,00",ML старт,08.08.2026 12:24:55
47,"4 995,00",Алгоритмы старт,08.08.2026 12:24:55
518,"6 490,00",Алгоритмы старт,08.08.2026 12:37:37
54,"6 490,00",Алгоритмы старт,08.08.2026 12:39:51
554,"5 000,00",ML старт,08.08.2026 12:44:01
554,"5 000,00",Алгоритмы старт,08.08.2026 12:44:01
473,"10 000,00",Алгоритмы,08.08.2026 13:57:16
308,"4 950,00",Backend старт,08.08.2026 14:05:17
308,"4 950,00",Алгоритмы старт,08.08.2026 14:05:17
412,"4 995,00",ML старт,08.08.2026 14:06:52
412,"4 995,00",Алгоритмы старт,08.08.2026 14:06:52
7,"4 950,00",Backend старт,08.08.2026 14:07:56
370,"6 490,00",Backend старт,08.08.2026 14:10:35
532,"4 995,00",Аналитика про,08.08.2026 16:22:47
532,"4 995,00",Аналитика старт,08.08.2026 16:22:47
451,"8 245,00",Backend про,08.08.2026 16:24:46
265,"5 990,00",ML старт,08.08.2026 16:25:28
8,"4 495,00",АВ тестам,08.08.2026 16:25:39
8,"4 495,00",Алгоритмы,08.08.2026 16:25:39
33,"4 995,00",Backend старт,08.08.2026 16:26:36
33,"4 995,00",Алгоритмы старт,08.08.2026 16:26:36
512,"4 995,00",Алгоритмы старт,08.08.2026 16:43:12
410,"6 490,00",Backend старт,08.08.2026 16:51:05
516,"4 950,00",Алгоритмы старт,08.08.2026 16:59:49
516,"4 950,00",Аналитика старт,08.08.2026 16:59:49
511,"4 950,00",Аналитика старт,08.08.2026 17:29:42
256,"5 990,00",ML старт,08.08.2026 17:54:37
333,"6 490,00",Аналитика старт,08.08.2026 18:25:13
233,"6 490,00",Аналитика старт,08.08.2026 18:51:08
427,"4 950,00",ML старт,08.08.2026 19:23:46
427,"4 950,00",Алгоритмы,08.08.2026 19:23:46
120,"6 490,00",Аналитика старт,08.08.2026 19:28:26
469,"4 950,00",Алгоритмы,08.08.2026 19:45:24
161,"4 995,00",Backend старт,08.08.2026 19:49:42
161,"4 995,00",Алгоритмы старт,08.08.2026 19:49:42
320,"4 995,00",Алгоритмы старт,08.08.2026 19:54:31
320,"4 995,00",Аналитика старт,08.08.2026 19:54:31
135,"4 995,00",ML старт,08.08.2026 20:00:19
135,"4 995,00",Алгоритмы старт,08.08.2026 20:00:19
73,"4 995,00",Алгоритмы старт,08.08.2026 20:05:40
227,"4 725,00",ML старт,08.08.2026 20:08:33
227,"4 725,00",Алгоритмы старт,08.08.2026 20:08:33
507,"6 490,00",ML старт,08.08.2026 20:12:46
421,"4 995,00",Data Engenering,08.08.2026 20:25:37
421,"4 995,00",Алгоритмы,08.08.2026 20:25:37
401,"8 245,00",Backend про,08.08.2026 22:16:55
160,"4 995,00",Аналитика старт,09.08.2026 02:39:44
32,"6 490,00",ML старт,09.08.2026 04:36:11
415,"4 995,00",Backend старт,09.08.2026 04:51:42
167,"4 950,00",ML старт,09.08.2026 09:07:16
167,"4 950,00",Алгоритмы старт,09.08.2026 09:07:16
262,"6 490,00",Backend про,09.08.2026 09:10:55
570,"4 995,00",Алгоритмы старт,09.08.2026 09:24:57
570,"4 995,00",Аналитика старт,09.08.2026 09:24:57
520,"6 490,00",Аналитика старт,09.08.2026 09:27:27
598,"4 950,00",Backend старт,09.08.2026 09:43:34
598,"4 950,00",Алгоритмы,09.08.2026 09:43:34
279,"6 490,00",Аналитика старт,09.08.2026 09:48:26
207,"6 490,00",Алгоритмы старт,09.08.2026 10:15:38
457,"6 490,00",Алгоритмы старт,09.08.2026 10:16:31
389,"4 950,00",ML старт,09.08.2026 10:18:12
389,"4 950,00",Алгоритмы старт,09.08.2026 10:18:12
89,"9 900,00",Алгоритмы,09.08.2026 10:44:19
232,"6 490,00",Аналитика старт,09.08.2026 10:47:20
527,"4 950,00",ML старт,09.08.2026 10:49:47
527,"4 950,00",Алгоритмы старт,09.08.2026 10:49:47
129,"6 490,00",Аналитика старт,09.08.2026 10:56:45
19,"4 950,00",Алгоритмы старт,09.08.2026 11:01:50
19,"4 950,00",Аналитика старт,09.08.2026 11:01:50
38,"6 490,00",Аналитика старт,09.08.2026 12:15:31
206,"4 995,00",Backend старт,09.08.2026 13:00:12
206,"4 995,00",Алгоритмы,09.08.2026 13:00:12
356,"6 950,00",Backend старт,09.08.2026 13:48:05
336,"4 950,00",ML старт,09.08.2026 13:48:41
336,"4 950,00",Алгоритмы старт,09.08.2026 13:48:41
53,"4 950,00",ML старт,09.08.2026 13:57:35
543,"4 950,00",Алгоритмы старт,09.08.2026 14:01:24
476,"4 450,00",ML старт,09.08.2026 14:14:07
476,"4 450,00",Алгоритмы старт,09.08.2026 14:14:07
64,"4 995,00",Алгоритмы,09.08.2026 14:45:05
335,"4 950,00",ML старт,09.08.2026 16:07:42
335,"4 950,00",Алгоритмы старт,09.08.2026 16:07:42
400,"6 490,00",Алгоритмы старт,09.08.2026 16:12:09
58,"5 463,33",Backend старт,09.08.2026 16:12:46
58,"5 463,33",ML старт,09.08.2026 16:12:46
58,"5 463,34",Алгоритмы старт,09.08.2026 16:12:46
435,"4 950,00",Аналитика про,09.08.2026 16:13:53
435,"4 950,00",Аналитика старт,09.08.2026 16:13:53
365,"6 490,00",ML старт,09.08.2026 16:15:08
286,"6 490,00",Аналитика старт,09.08.2026 16:16:39
96,"6 490,00",Аналитика старт,09.08.2026 16:21:43
321,"6 490,00",ML старт,09.08.2026 16:24:15
550,"5 463,34",Алгоритмы старт,09.08.2026 16:24:42
577,"5 463,33",Backend старт,09.08.2026 16:26:30
176,"6 490,00",Алгоритмы,09.08.2026 16:29:58
331,"4 995,00",Алгоритмы старт,09.08.2026 16:31:09
331,"4 995,00",Аналитика старт,09.08.2026 16:31:09
138,"6 490,00",ML старт,09.08.2026 16:33:22
40,"6 490,00",Аналитика старт,09.08.2026 16:36:02
488,"19 350,00",Алгоритмы,09.08.2026 16:36:09
462,"500,00",Алгоритмы старт,09.08.2026 16:45:22
329,"6 490,00",Алгоритмы старт,09.08.2026 16:51:47
12,"6 490,00",Backend старт,09.08.2026 16:52:01
371,"4 950,00",ML старт,09.08.2026 17:17:09
371,"4 950,00",Алгоритмы старт,09.08.2026 17:17:09
380,"6 490,00",ML старт,09.08.2026 17:19:11
184,"4 950,00",Алгоритмы старт,09.08.2026 17:20:07
470,"4 950,00",ML старт,09.08.2026 17:24:05
470,"4 950,00",Алгоритмы,09.08.2026 17:24:05
319,"4 950,00",ML старт,09.08.2026 17:25:06
402,"4 995,00",ML старт,09.08.2026 17:25:40
402,"4 995,00",Алгоритмы старт,09.08.2026 17:25:40
563,"6 490,00",Аналитика старт,09.08.2026 17:28:24
597,"5 990,00",ML старт,09.08.2026 18:00:04
589,"5 990,00",Алгоритмы старт,09.08.2026 18:06:31
65,"6 490,00",Аналитика старт,09.08.2026 18:45:20
103,"6 490,00",Аналитика старт,09.08.2026 18:46:42
62,"4 995,00",Backend старт,09.08.2026 18:47:09
62,"4 995,00",Алгоритмы старт,09.08.2026 18:47:09
187,"4 495,00",Алгоритмы старт,09.08.2026 18:48:05
187,"4 495,00",Аналитика старт,09.08.2026 18:48:05
369,"4 495,00",Алгоритмы старт,09.08.2026 18:53:23
282,"8 745,00",ML про,09.08.2026 18:55:57
323,"4 995,00",Backend старт,09.08.2026 18:56:09
323,"4 995,00",Алгоритмы,09.08.2026 18:56:09
382,"4 450,00",ML старт,09.08.2026 18:58:42
382,"4 450,00",Алгоритмы старт,09.08.2026 18:58:42
228,"6 450,00",Data Science,09.08.2026 19:02:28
84,"6 490,00",Backend старт,09.08.2026 19:07:32
374,"6 450,00",Data Science,09.08.2026 19:11:48
63,"6 450,00",Data Engenering,09.08.2026 19:29:08
63,"6 450,00",Data Science,09.08.2026 19:29:08
433,"4 950,00",ML старт,09.08.2026 19:40:37
433,"4 950,00",Алгоритмы старт,09.08.2026 19:40:37
439,"6 490,00",Backend старт,09.08.2026 20:20:29
223,"6 490,00",Алгоритмы старт,09.08.2026 20:27:29
508,"4 950,00",Backend старт,09.08.2026 21:33:27
508,"4 950,00",Алгоритмы старт,09.08.2026 21:33:27
478,"6 450,00",Data Engenering,10.08.2026 00:13:55
57,"4 950,00",ML старт,10.08.2026 00:14:10
445,"4 950,00",Аналитика про,10.08.2026 00:36:19
93,"6 950,00",К ВУЗу,10.08.2026 05:56:12
186,"4 950,00",Алгоритмы старт,10.08.2026 06:13:10
544,"4 995,00",Алгоритмы,10.08.2026 06:26:01
83,"6 490,00",Аналитика старт,10.08.2026 07:52:44
152,"6 490,00",ML старт,10.08.2026 08:42:13
446,"6 950,00",Data Engenering,10.08.2026 09:02:50
106,"4 950,00",Backend старт,10.08.2026 10:53:02
106,"4 950,00",Алгоритмы старт,10.08.2026 10:53:02
158,"4 700,00",Backend старт,10.08.2026 12:37:30
158,"4 700,00",Алгоритмы,10.08.2026 12:37:30
164,"8 745,00",ML старт,10.08.2026 13:08:15
500,"6 490,00",Аналитика старт,10.08.2026 13:21:01
467,"6 490,00",Аналитика старт,10.08.2026 13:55:50
217,"6 950,00",К ВУЗу,10.08.2026 14:24:20
258,"6 490,00",Алгоритмы,10.08.2026 15:03:03
408,"6 490,00",Аналитика старт,10.08.2026 15:22:41
584,"6 490,00",Алгоритмы старт,10.08.2026 15:33:39
519,"4 950,00",Алгоритмы старт,10.08.2026 16:09:27
519,"4 950,00",Аналитика про,10.08.2026 16:09:27
519,"4 950,00",Аналитика старт,10.08.2026 16:09:27
86,"4 950,00",Алгоритмы старт,10.08.2026 16:16:30
21,"4 950,00",Алгоритмы старт,10.08.2026 16:29:36
21,"4 950,00",Аналитика старт,10.08.2026 16:29:36
16,"4 950,00",ML старт,10.08.2026 16:56:42
16,"4 950,00",Алгоритмы старт,10.08.2026 16:56:42
67,"6 490,00",Аналитика старт,10.08.2026 18:01:06
498,"4 500,00",Аналитика про,10.08.2026 18:10:53
498,"4 500,00",Аналитика старт,10.08.2026 18:10:53
52,"6 450,00",К ВУЗу,10.08.2026 18:12:59
464,"4 500,00",Аналитика старт,10.08.2026 18:30:49
606,"6 450,00",К ВУЗу,10.08.2026 18:36:00
546,"6 490,00",Аналитика старт,10.08.2026 19:07:51
389,"5 990,00",Аналитика старт,10.08.2026 19:12:23
588,"6 450,00",К ВУЗу,11.08.2026 02:43:57
173,"4 950,00",ML старт,11.08.2026 07:48:36
173,"4 950,00",Алгоритмы старт,11.08.2026 07:48:36
417,"6 950,00",К ВУЗу,11.08.2026 10:51:54
281,"4 950,00",ML старт,11.08.2026 12:02:08
339,"6 450,00",К ВУЗу,11.08.2026 12:22:26
82,"3 245,00",Аналитика про,11.08.2026 12:46:14
82,"3 245,00",Аналитика старт,11.08.2026 12:46:14
142,"6 490,00",Аналитика старт,11.08.2026 15:49:13
304,"6 950,00",К ВУЗу,11.08.2026 15:52:40
311,"4 950,00",ML старт,11.08.2026 16:15:41
311,"4 950,00",Алгоритмы старт,11.08.2026 16:15:41
453,"4 950,00",Алгоритмы старт,11.08.2026 17:07:53
505,"4 950,00",ML старт,11.08.2026 18:00:05
505,"4 950,00",Алгоритмы старт,11.08.2026 18:00:05
112,"8 475,00",ML про,11.08.2026 18:41:42
112,"8 475,00",ML старт,11.08.2026 18:41:42
179,"6 490,00",Аналитика старт,12.08.2026 02:06:02
537,"4 950,00",ML старт,12.08.2026 04:49:43
537,"4 950,00",Алгоритмы старт,12.08.2026 04:49:43
46,"6 450,00",К ВУЗу,12.08.2026 05:13:04
260,"4 950,00",Алгоритмы,12.08.2026 05:32:11
260,"4 950,00",Алгоритмы про,12.08.2026 05:32:11
234,"4 950,00",ML старт,12.08.2026 06:04:03
332,"9 900,00",ML старт,12.08.2026 06:44:05
41,"6 500,00",ML старт,12.08.2026 10:22:39
536,"8 475,00",Аналитика про,12.08.2026 12:22:52
536,"8 475,00",Аналитика старт,12.08.2026 12:22:52
460,"8 745,00",Аналитика старт,12.08.2026 13:12:40
388,"7 000,00",ML старт,12.08.2026 13:28:18
521,"6 450,00",К ВУЗу,12.08.2026 14:21:51
586,"8 745,00",Аналитика старт,12.08.2026 17:45:53
170,"6 000,00",ML старт,12.08.2026 17:51:00
348,"6 950,00",К ВУЗу,12.08.2026 19:17:21
364,"8 475,00",Аналитика про,13.08.2026 00:01:02
66,"8 745,00",Алгоритмы старт,13.08.2026 05:36:55
426,"6 000,00",ML старт,13.08.2026 09:26:22
342,"9 950,00",Теория вероятностей,13.08.2026 09:48:34
275,"8 745,00",Алгоритмы старт,13.08.2026 09:51:23
132,"8 745,00",Аналитика про,13.08.2026 11:39:13
175,"9 950,00",Теория вероятностей,13.08.2026 16:14:01
153,"5 750,00",Алгоритмы,13.08.2026 18:30:59
208,"6 450,00",К ВУЗу,13.08.2026 19:25:17
79,"9 950,00",Теория вероятностей,14.08.2026 04:09:52
229,"9 950,00",Теория вероятностей,14.08.2026 04:19:44
474,"6 950,00",К ВУЗу,14.08.2026 07:16:32
45,"5 750,00",Алгоритмы,14.08.2026 10:04:52
442,"6 950,00",К ВУЗу,14.08.2026 11:21:45
316,"4 495,00",АВ тестам,14.08.2026 12:59:02
448,"8 475,00",ML про,14.08.2026 14:23:30
448,"8 475,00",ML старт,14.08.2026 14:23:30
391,"8 745,00",Алгоритмы старт,14.08.2026 18:55:11
420,"6 950,00",К ВУЗу,14.08.2026 20:17:00
276,"2 875,00",ML старт,15.08.2026 12:43:23
276,"2 875,00",Алгоритмы старт,15.08.2026 12:43:23
162,"6 950,00",К ВУЗу,15.08.2026 12:51:04
130,"9 950,00",Алгоритмы,15.08.2026 14:59:16
482,"8 475,00",ML старт,15.08.2026 16:30:16
482,"8 475,00",Алгоритмы,15.08.2026 16:30:16
484,"8 745,00",Аналитика старт,15.08.2026 19:17:47
564,"8 745,00",Аналитика старт,16.08.2026 04:38:14
479,"8 745,00",Аналитика старт,16.08.2026 09:40:02
441,"8 745,00",Алгоритмы старт,16.08.2026 09:40:30
133,"4 950,00",Аналитика про,16.08.2026 09:59:37
133,"4 950,00",Аналитика старт,16.08.2026 09:59:37
143,"6 950,00",К ВУЗу,16.08.2026 13:21:36
361,"8 745,00",ML старт,17.08.2026 10:53:42
361,"8 745,00",Алгоритмы старт,17.08.2026 10:53:42
522,"6 950,00",К ВУЗу,17.08.2026 16:24:17
562,"8 745,00",ML старт,17.08.2026 22:34:23
346,"8 745,00",ML старт,18.08.2026 10:15:05
477,"9 450,00",Линейная алгебра,18.08.2026 15:06:11
603,"8 745,00",Аналитика старт,18.08.2026 16:34:39
75,"8 475,00",Аналитика про,18.08.2026 18:53:33
75,"8 475,00",Аналитика старт,18.08.2026 18:53:33
70,"8 475,00",Аналитика старт,18.08.2026 19:10:04
413,"8 745,00",Аналитика старт,18.08.2026 19:40:47
468,"9 450,00",Линейная алгебра,19.08.2026 07:10:12
287,"6 950,00",Data Science,19.08.2026 07:46:07
575,"8 245,00",Алгоритмы старт,19.08.2026 09:21:46
575,"8 245,00",Аналитика про,19.08.2026 09:21:46
575,"8 245,00",Аналитика старт,19.08.2026 09:21:46
386,"7 000,00",Backend про,19.08.2026 13:53:46
592,"8 245,00",Алгоритмы старт,19.08.2026 20:38:02
351,"9 450,00",Линейная алгебра,20.08.2026 11:12:25
392,"8 745,00",Аналитика старт,20.08.2026 13:14:17
501,"8 745,00",ML старт,20.08.2026 14:06:32
492,"9 950,00",Теория вероятностей,20.08.2026 14:21:52
146,"6 950,00",К ВУЗу,20.08.2026 16:27:30
101,"8 745,00",Алгоритмы старт,20.08.2026 17:34:00
199,"9 950,00",Мат анализ,21.08.2026 09:02:18
578,"8 245,00",Аналитика про,21.08.2026 12:29:55
92,"9 950,00",Линейная алгебра,21.08.2026 15:14:39
69,"6 950,00",К ВУЗу,22.08.2026 04:22:43
437,"8 950,00",AI агенты,22.08.2026 08:23:59
218,"8 475,00",Backend про,22.08.2026 09:03:23
218,"8 475,00",Алгоритмы про,22.08.2026 09:03:23
156,"7 475,00",Алгоритмы про,22.08.2026 10:54:14
156,"7 475,00",Алгоритмы старт,22.08.2026 10:54:14
211,"7 475,00",AI агенты,22.08.2026 11:08:24
211,"7 475,00",ML про,22.08.2026 11:08:24
370,"5 750,00",Backend про,22.08.2026 11:14:12
277,"5 750,00",Backend про,22.08.2026 11:24:53
293,"8 950,00",Backend про,22.08.2026 11:35:35
353,"8 950,00",Аналитика старт,22.08.2026 11:39:22
458,"8 450,00",Backend про,22.08.2026 11:58:37
87,"7 475,00",Алгоритмы про,22.08.2026 13:23:20
248,"7 475,00",ML про,22.08.2026 13:43:42
496,"8 950,00",ML старт,22.08.2026 15:01:37
372,"7 450,00",AI агенты,22.08.2026 15:11:44
525,"8 950,00",Аналитика старт,22.08.2026 15:39:49
600,"7 450,00",AI агенты,22.08.2026 15:48:13
485,"8 450,00",Аналитика про,22.08.2026 16:02:00
5,"5 750,00",ML про,22.08.2026 16:19:00
595,"7 475,00",AI агенты,22.08.2026 16:55:59
595,"7 475,00",ML про,22.08.2026 16:55:59
17,"9 950,00",Алгоритмы,22.08.2026 17:01:20
297,"8 450,00",Алгоритмы,22.08.2026 17:26:07
240,"6 450,00",Алгоритмы про,22.08.2026 18:00:15
373,"7 475,00",Алгоритмы про,22.08.2026 18:58:36
373,"7 475,00",Алгоритмы старт,22.08.2026 18:58:36
220,"9 950,00",Линейная алгебра,22.08.2026 19:19:35
200,"7 475,00",Аналитика про,22.08.2026 19:40:16
200,"7 475,00",Аналитика старт,22.08.2026 19:40:16
263,"8 950,00",ML про,22.08.2026 19:53:10
559,"8 450,00",Алгоритмы,23.08.2026 04:11:37
338,"7 475,00",Аналитика про,23.08.2026 06:47:37
338,"7 475,00",Аналитика старт,23.08.2026 06:47:37
209,"8 950,00",Backend про,23.08.2026 06:58:29
221,"7 475,00",Аналитика про,23.08.2026 07:41:37
221,"7 475,00",Аналитика старт,23.08.2026 07:41:37
118,"8 450,00",Backend про,23.08.2026 08:24:45
514,"8 950,00",ML старт,23.08.2026 09:48:08
312,"7 475,00",Аналитика про,23.08.2026 09:59:13
30,"8 950,00",ML про,23.08.2026 10:06:51
581,"8 950,00",ML про,23.08.2026 11:19:47
341,"8 950,00",ML про,23.08.2026 11:59:04
237,"8 950,00",AI агенты,23.08.2026 13:29:45
447,"8 450,00",Backend про,23.08.2026 13:46:56
98,"7 475,00",Аналитика про,23.08.2026 14:14:48
98,"7 475,00",Аналитика старт,23.08.2026 14:14:48
580,"8 950,00",AI агенты,23.08.2026 14:38:29
71,"8 450,00",Алгоритмы,23.08.2026 14:57:08
436,"8 450,00",Алгоритмы про,23.08.2026 15:04:52
229,"8 450,00",AI агенты,23.08.2026 15:38:51
307,"8 450,00",Аналитика про,23.08.2026 15:39:57
235,"8 450,00",AI агенты,23.08.2026 16:04:24
430,"8 000,00",К ВУЗу,23.08.2026 16:17:56
172,"8 950,00",AI агенты,23.08.2026 16:29:57
315,"7 475,00",AI агенты,23.08.2026 16:40:25
315,"7 475,00",Backend про,23.08.2026 16:40:25
149,"8 950,00",ML про,23.08.2026 16:50:14
290,"7 475,00",Аналитика старт,23.08.2026 16:53:02
557,"8 950,00",ML про,23.08.2026 16:56:11
513,"6 975,00",AI агенты,23.08.2026 17:34:10
513,"6 975,00",Алгоритмы про,23.08.2026 17:34:10
424,"7 475,00",AI агенты,23.08.2026 17:45:31
424,"7 475,00",Аналитика про,23.08.2026 17:45:31
216,"7 475,00",AI агенты,23.08.2026 18:13:18
367,"8 245,00",Аналитика старт,23.08.2026 18:18:15
542,"8 950,00",Backend старт,23.08.2026 18:26:56
107,"6 975,00",AI агенты,23.08.2026 18:28:17
107,"6 975,00",Аналитика про,23.08.2026 18:28:17
298,"6 975,00",Аналитика про,23.08.2026 18:48:14
95,"7 475,00",AI агенты,23.08.2026 19:08:11
95,"7 475,00",Аналитика про,23.08.2026 19:08:11
203,"7 475,00",AI агенты,23.08.2026 20:42:20
203,"7 475,00",Аналитика про,23.08.2026 20:42:20
539,"8 950,00",AI агенты,23.08.2026 20:55:41
257,"8 450,00",Backend про,23.08.2026 20:56:06
360,"8 950,00",AI агенты,23.08.2026 20:57:22
213,"8 950,00",Аналитика про,23.08.2026 20:58:38
104,"7 475,00",AI агенты,23.08.2026 21:00:30
104,"7 475,00",ML про,23.08.2026 21:00:30
91,"8 950,00",ML старт,24.08.2026 00:44:40
357,"9 950,00",Теория вероятностей,24.08.2026 02:46:33
440,"7 475,00",ML про,24.08.2026 03:20:05
215,"6 975,00",Алгоритмы про,24.08.2026 03:22:36
549,"8 222,50",AI агенты,24.08.2026 05:25:17
549,"8 222,50",Backend про,24.08.2026 05:25:17
425,"8 503,00",AI агенты,24.08.2026 07:03:39
489,"8 850,00",ML старт,24.08.2026 08:47:25
243,"8 950,00",AI агенты,24.08.2026 10:40:35
268,"8 950,00",AI агенты,24.08.2026 12:52:49
529,"7 475,00",Алгоритмы про,24.08.2026 13:11:03
529,"7 475,00",Алгоритмы старт,24.08.2026 13:11:03
368,"8 950,00",Аналитика про,24.08.2026 14:21:10
141,"7 475,00",Алгоритмы старт,24.08.2026 14:48:12
192,"7 475,00",AI агенты,24.08.2026 15:05:04
192,"7 475,00",ML про,24.08.2026 15:05:04
475,"9 950,00",Линейная алгебра,24.08.2026 15:16:31
85,"8 950,00",Аналитика про,24.08.2026 15:57:32
194,"8 950,00",Алгоритмы старт,24.08.2026 16:25:21
111,"8 950,00",Аналитика про,24.08.2026 16:49:26
299,"8 950,00",Аналитика про,24.08.2026 16:58:19
201,"6 950,00",Data Science,24.08.2026 17:28:20
263,"6 000,00",AI агенты,25.08.2026 03:19:38
583,"8 950,00",AI агенты,25.08.2026 04:27:38
168,"7 475,00",AI агенты,25.08.2026 06:26:04
168,"7 475,00",ML про,25.08.2026 06:26:04
165,"8 450,00",Аналитика про,25.08.2026 07:21:38
455,"8 950,00",Backend старт,25.08.2026 07:53:50
148,"7 475,00",AI агенты,25.08.2026 09:49:25
116,"7 475,00",АВ тестам,25.08.2026 10:01:02
116,"7 475,00",Аналитика про,25.08.2026 10:01:02
121,"8 950,00",AI агенты,25.08.2026 11:38:56
138,"5 750,00",ML про,25.08.2026 12:39:08
463,"8 950,00",ML про,25.08.2026 13:16:31
560,"8 950,00",AI агенты,25.08.2026 14:09:51
140,"8 450,00",Аналитика старт,25.08.2026 16:01:50
202,"7 475,00",AI агенты,25.08.2026 19:24:14
202,"7 475,00",Backend про,25.08.2026 19:24:14
452,"8 450,00",AI агенты,25.08.2026 21:09:34
269,"7 475,00",Backend про,25.08.2026 22:26:03
163,"8 450,00",AI агенты,26.08.2026 01:23:32
418,"7 475,00",Backend про,26.08.2026 04:03:43
418,"7 475,00",Backend старт,26.08.2026 04:03:43
552,"7 475,00",Аналитика про,26.08.2026 04:37:12
605,"8 950,00",Алгоритмы про,26.08.2026 07:26:53
178,"8 950,00",AI агенты,26.08.2026 09:15:13
599,"8 950,00",Аналитика старт,26.08.2026 12:25:10
466,"8 950,00",ML про,26.08.2026 13:56:39
255,"8 950,00",ML старт,26.08.2026 14:52:53
587,"8 450,00",AI агенты,26.08.2026 21:47:21
136,"7 475,00",AI агенты,27.08.2026 08:57:04
136,"7 475,00",Backend про,27.08.2026 08:57:04
506,"8 950,00",AI агенты,27.08.2026 12:29:06
526,"8 950,00",AI агенты,27.08.2026 13:32:56
185,"6 975,00",AI агенты,27.08.2026 14:36:47
185,"6 975,00",ML про,27.08.2026 14:36:47
568,"7 475,00",ML старт,27.08.2026 15:10:07
568,"7 475,00",Аналитика про,27.08.2026 15:10:07
191,"7 462,50",AI агенты,27.08.2026 15:11:14
191,"7 462,50",Алгоритмы,27.08.2026 15:11:14
191,"7 462,50",Мат анализ,27.08.2026 15:11:14
191,"7 462,50",Теория вероятностей,27.08.2026 15:11:14
39,"9 950,00",Мат анализ,27.08.2026 17:02:28
61,"6 975,00",ML про,27.08.2026 19:44:33
61,"6 975,00",ML старт,27.08.2026 19:44:33
11,"6 975,00",ML старт,27.08.2026 20:09:27
122,"7 475,00",ML про,27.08.2026 20:55:44
122,"7 475,00",ML старт,27.08.2026 20:55:44
177,"8 950,00",Аналитика старт,28.08.2026 10:47:56
219,"9 950,00",Мат анализ,28.08.2026 13:23:53
322,"7 475,00",ML про,28.08.2026 14:03:47
322,"7 475,00",Алгоритмы старт,28.08.2026 14:03:47
289,"8 950,00",AI агенты,28.08.2026 16:24:51
29,"8 450,00",Backend старт,28.08.2026 18:20:56
314,"8 950,00",Аналитика старт,28.08.2026 18:44:36
236,"7 475,00",ML про,29.08.2026 05:27:29
340,"5 975,00",АВ тестам,29.08.2026 09:29:52
340,"5 975,00",Аналитика старт,29.08.2026 09:29:52
393,"9 450,00",Мат анализ,29.08.2026 09:45:18
144,"4 475,00",Аналитика про,29.08.2026 11:51:08
144,"4 475,00",Аналитика старт,29.08.2026 11:51:08
242,"8 950,00",ML про,29.08.2026 13:44:52
27,"8 950,00",ML про,29.08.2026 14:47:39
99,"8 450,00",AI агенты,29.08.2026 19:35:36
483,"8 450,00",AI агенты,29.08.2026 19:38:52
432,"8 950,00",Backend про,29.08.2026 19:39:58
585,"6 975,00",AI агенты,29.08.2026 19:40:39
585,"6 975,00",ML про,29.08.2026 19:40:39
285,"6 975,00",AI агенты,30.08.2026 08:22:49
285,"6 975,00",ML про,30.08.2026 08:22:49
535,"7 475,00",Backend старт,30.08.2026 08:24:30
535,"7 475,00",Алгоритмы старт,30.08.2026 08:24:30
573,"8 950,00",AI агенты,30.08.2026 09:39:42
531,"8 950,00",Backend старт,30.08.2026 10:04:17
432,"8 545,00",AI агенты,30.08.2026 10:31:12
411,"8 545,00",AI агенты,30.08.2026 11:21:33
284,"6 975,00",ML про,30.08.2026 11:56:49
534,"8 450,00",AI агенты,30.08.2026 12:55:04
145,"8 950,00",Аналитика про,30.08.2026 13:06:05
81,"8 450,00",AI агенты,30.08.2026 13:44:26
76,"6 975,00",Алгоритмы про,30.08.2026 14:48:44
76,"6 975,00",Аналитика про,30.08.2026 14:48:44
565,"6 975,00",Алгоритмы про,30.08.2026 15:30:24
565,"6 975,00",Алгоритмы старт,30.08.2026 15:30:24
437,"1 000,00",AI агенты,30.08.2026 16:16:42
253,"8 950,00",AI агенты,30.08.2026 17:04:49
241,"8 950,00",Backend старт,30.08.2026 17:07:59
25,"8 450,00",ML про,30.08.2026 18:34:15
566,"8 450,00",ML про,30.08.2026 18:45:42
274,"6 975,00",Аналитика про,30.08.2026 23:37:30
14,"8 950,00",AI агенты,30.08.2026 23:52:21
90,"6 975,00",Алгоритмы старт,31.08.2026 01:05:18
538,"7 475,00",Backend старт,31.08.2026 06:14:52
538,"7 475,00",Алгоритмы старт,31.08.2026 06:14:52
157,"7 475,00",AI агенты,31.08.2026 06:39:53
157,"7 475,00",ML про,31.08.2026 06:39:53
134,"6 975,00",Алгоритмы про,31.08.2026 08:06:47
267,"8 950,00",Аналитика про,31.08.2026 08:26:17
387,"8 545,00",AI агенты,31.08.2026 09:09:41
403,"8 950,00",Backend про,31.08.2026 10:18:44
497,"8 950,00",Backend про,31.08.2026 12:11:14
26,"8 975,00",Backend про,31.08.2026 14:03:44
26,"8 975,00",Дискретка,31.08.2026 14:03:44
503,"7 471,50",Аналитика про,31.08.2026 14:40:32
503,"7 471,50",Аналитика старт,31.08.2026 14:40:32
4,"8 950,00",AI агенты,31.08.2026 15:42:34
599,"8 950,00",Аналитика про,31.08.2026 16:05:26
305,"7 475,00",Алгоритмы про,31.08.2026 17:03:19
305,"7 475,00",Алгоритмы старт,31.08.2026 17:03:19
239,"8 450,00",Аналитика про,31.08.2026 17:06:09
77,"8 450,00",Аналитика про,31.08.2026 17:54:30
171,"8 950,00",Аналитика про,31.08.2026 18:20:33
272,"8 950,00",Аналитика про,31.08.2026 18:34:40
324,"8 450,00",AI агенты,31.08.2026 19:22:31
301,"8 975,00",ML старт,31.08.2026 20:57:15
301,"8 975,00",Аналитика старт,31.08.2026 20:57:15
390,"8 975,00",Аналитика старт,01.09.2026 02:23:30
189,"8 945,00",Аналитика старт,01.09.2026 07:49:46
495,"7 475,00",ML про,01.09.2026 10:30:21
495,"7 475,00",ML старт,01.09.2026 10:30:21
296,"8 950,00",Аналитика старт,01.09.2026 10:46:43
195,"8 450,00",AI агенты,01.09.2026 10:54:53
524,"8 945,00",Аналитика про,01.09.2026 11:54:01
423,"7 475,00",ML про,01.09.2026 12:44:58
115,"8 945,00",Аналитика про,01.09.2026 13:09:50
247,"7 475,00",ML про,01.09.2026 14:59:35
247,"7 475,00",ML старт,01.09.2026 14:59:35
144,"8 950,00",Аналитика про,01.09.2026 15:30:39
547,"7 475,00",Backend про,01.09.2026 15:53:22
547,"7 475,00",Алгоритмы про,01.09.2026 15:53:22
226,"7 475,00",ML старт,01.09.2026 17:03:44
34,"8 945,00",Аналитика про,01.09.2026 17:23:37
231,"8 245,00",Алгоритмы,01.09.2026 18:08:01
231,"8 245,00",Дискретка,01.09.2026 18:08:01
231,"8 245,00",Линейная алгебра,01.09.2026 18:08:01
231,"8 245,00",Мат анализ,01.09.2026 18:08:01
231,"8 245,00",Теория вероятностей,01.09.2026 18:08:01
181,"8 950,00",Аналитика про,01.09.2026 18:44:37
343,"8 950,00",ML старт,01.09.2026 19:07:54
114,"6 975,00",AI агенты,01.09.2026 19:16:56
114,"6 975,00",ML про,01.09.2026 19:16:56
88,"8 950,00",AI агенты,01.09.2026 19:27:16
139,"6 975,00",AI агенты,01.09.2026 20:30:07
139,"6 975,00",ML старт,01.09.2026 20:30:07
37,"5 750,00",Backend про,02.09.2026 04:13:14
558,"8 245,00",Линейная алгебра,02.09.2026 08:49:58
288,"8 945,00",Аналитика про,02.09.2026 08:57:12
486,"8 950,00",Backend про,02.09.2026 09:28:52
555,"7 475,00",Алгоритмы про,02.09.2026 09:38:46
555,"7 475,00",Алгоритмы старт,02.09.2026 09:38:46
551,"8 950,00",Backend про,02.09.2026 09:58:19
419,"7 475,00",ML про,02.09.2026 10:06:52
419,"7 475,00",Алгоритмы про,02.09.2026 10:06:52
182,"8 950,00",Backend про,02.09.2026 10:14:11
244,"8 950,00",Алгоритмы старт,02.09.2026 10:24:40
50,"8 950,00",Алгоритмы старт,02.09.2026 10:32:55
541,"7 475,00",Алгоритмы старт,02.09.2026 10:48:17
541,"7 475,00",Аналитика старт,02.09.2026 10:48:17
523,"8 450,00",Backend про,02.09.2026 11:00:48
266,"10 000,00",Мат анализ,02.09.2026 11:33:22
128,"8 945,00",Аналитика про,02.09.2026 11:55:47
385,"5 975,00",АВ тестам,02.09.2026 14:17:34
385,"5 975,00",Аналитика старт,02.09.2026 14:17:34
355,"8 450,00",Backend про,02.09.2026 14:30:26
572,"8 945,00",Аналитика про,02.09.2026 14:54:22
422,"9 450,00",Теория вероятностей,02.09.2026 15:30:05
493,"9 950,00",Линейная алгебра,02.09.2026 16:44:53
264,"4 225,00",Backend про,02.09.2026 18:37:57
264,"4 225,00",Алгоритмы,02.09.2026 18:37:57
6,"8 450,00",Аналитика про,02.09.2026 19:16:28
404,"7 475,00",Алгоритмы про,02.09.2026 19:30:00
35,"4 225,00",Backend про,02.09.2026 22:38:59
450,"8 950,00",Backend про,03.09.2026 06:06:37
504,"5 975,00",Аналитика старт,03.09.2026 06:27:49
273,"8 950,00",ML про,03.09.2026 08:17:51
508,"5 750,00",Backend про,03.09.2026 08:29:32
395,"8 950,00",ML про,03.09.2026 11:18:32
271,"7 475,00",ML про,03.09.2026 12:55:50
271,"7 475,00",Алгоритмы про,03.09.2026 12:55:50
9,"8 950,00",Аналитика про,03.09.2026 14:55:45
205,"8 950,00",Аналитика про,03.09.2026 15:01:50
230,"8 950,00",Аналитика про,03.09.2026 15:07:18
330,"7 475,00",Аналитика про,03.09.2026 15:10:16
330,"7 475,00",Аналитика старт,03.09.2026 15:10:16
376,"6 950,00",К ВУЗу,03.09.2026 15:43:04
352,"8 450,00",Алгоритмы про,03.09.2026 16:22:06
345,"8 950,00",Аналитика про,03.09.2026 16:33:15
252,"8 950,00",Backend про,03.09.2026 16:36:15
318,"8 450,00",Аналитика про,03.09.2026 17:23:38
402,"8 450,00",ML про,03.09.2026 17:30:08
594,"5 000,00",AI агенты,03.09.2026 18:16:38
561,"18 900,00",Теория вероятностей,03.09.2026 18:55:28
409,"5 000,00",AI агенты,03.09.2026 21:58:56
3,"5 975,00",АВ тестам,03.09.2026 22:47:02
601,"7 475,00",AI агенты,04.09.2026 04:51:49
601,"7 475,00",ML про,04.09.2026 04:51:49
601,"7 475,00",ML старт,04.09.2026 04:51:49
363,"8 945,00",Backend про,04.09.2026 06:28:52
124,"9 950,00",Линейная алгебра,04.09.2026 06:34:32
490,"8 450,00",AI агенты,04.09.2026 10:01:44
326,"7 475,00",Аналитика про,04.09.2026 10:55:46
326,"7 475,00",Аналитика старт,04.09.2026 10:55:46
590,"8 945,00",Backend про,04.09.2026 11:04:11
379,"7 475,00",Аналитика про,04.09.2026 11:44:55
317,"8 950,00",Аналитика про,04.09.2026 13:16:14
354,"8 245,00",Дискретка,04.09.2026 13:47:25
383,"8 950,00",Аналитика про,04.09.2026 14:11:02
375,"7 000,00",Алгоритмы про,04.09.2026 14:19:28
582,"8 950,00",Аналитика старт,04.09.2026 15:03:52
378,"8 950,00",Аналитика про,04.09.2026 15:08:47
28,"7 475,00",Аналитика про,04.09.2026 15:15:34
28,"7 475,00",Аналитика старт,04.09.2026 15:15:34
302,"7 475,00",Аналитика про,04.09.2026 15:20:47
303,"7 475,00",ML про,04.09.2026 15:21:52
303,"7 475,00",ML старт,04.09.2026 15:21:52
15,"8 450,00",Аналитика про,04.09.2026 15:26:00
197,"7 475,00",AI агенты,04.09.2026 15:39:31
197,"7 475,00",Backend про,04.09.2026 15:39:31
574,"7 475,00",ML про,04.09.2026 16:29:01
198,"7 475,00",Аналитика старт,04.09.2026 16:44:57
576,"7 475,00",ML старт,04.09.2026 17:26:34
471,"9 950,00",Линейная алгебра,04.09.2026 18:12:51
428,"8 950,00",ML про,04.09.2026 18:33:44
428,"8 950,00",ML старт,04.09.2026 18:33:44
94,"8 950,00",Backend про,04.09.2026 18:49:47
1,"8 950,00",Аналитика старт,04.09.2026 19:30:57
384,"8 450,00",Аналитика про,04.09.2026 20:38:50
43,"6 475,00",АВ тестам,05.09.2026 07:16:30
43,"6 475,00",Аналитика старт,05.09.2026 07:16:30
309,"8 950,00",ML про,05.09.2026 09:55:40
502,"8 450,00",ML про,05.09.2026 10:11:25
591,"8 450,00",AI агенты,05.09.2026 10:13:46
394,"8 950,00",Алгоритмы про,05.09.2026 10:17:43
155,"7 475,00",Backend про,05.09.2026 10:20:56
155,"7 475,00",Backend старт,05.09.2026 10:20:56
533,"8 450,00",AI агенты,05.09.2026 10:24:14
510,"8 950,00",AI агенты,05.09.2026 10:34:42
328,"7 475,00",ML про,05.09.2026 10:58:26
328,"7 475,00",Аналитика про,05.09.2026 10:58:26
31,"7 475,00",ML про,05.09.2026 11:00:21
397,"8 950,00",Аналитика старт,05.09.2026 11:02:15
487,"7 475,00",ML про,05.09.2026 11:02:17
487,"7 475,00",ML старт,05.09.2026 11:02:17
515,"8 450,00",Аналитика про,05.09.2026 12:09:36
155,"7 000,00",Алгоритмы старт,05.09.2026 12:13:44
117,"8 450,00",Аналитика про,05.09.2026 12:34:35
517,"8 950,00",Аналитика про,05.09.2026 12:48:03
238,"8 950,00",Backend про,05.09.2026 13:28:56
406,"8 450,00",ML про,05.09.2026 13:55:08
270,"8 950,00",Аналитика про,05.09.2026 14:08:51
48,"8 950,00",Backend про,05.09.2026 14:24:29
405,"8 950,00",Backend старт,05.09.2026 14:29:26
18,"8 950,00",Алгоритмы про,05.09.2026 14:29:29
362,"8 450,00",ML про,05.09.2026 14:52:23
250,"7 475,00",Backend про,05.09.2026 14:54:24
250,"7 475,00",Backend старт,05.09.2026 14:54:24
540,"8 950,00",Аналитика про,05.09.2026 14:57:41
461,"7 475,00",Аналитика про,05.09.2026 15:01:05
461,"7 475,00",Аналитика старт,05.09.2026 15:01:05
556,"7 475,00",Аналитика про,05.09.2026 15:17:14
431,"8 950,00",Алгоритмы старт,05.09.2026 15:28:29
169,"8 950,00",Аналитика про,05.09.2026 15:47:16
245,"8 950,00",Backend про,05.09.2026 15:54:58
2,"8 950,00",ML про,05.09.2026 16:22:48
414,"8 950,00",ML про,05.09.2026 16:25:16
596,"8 950,00",ML про,05.09.2026 16:26:36
67,"8 950,00",ML про,05.09.2026 17:04:40
210,"7 475,00",Аналитика старт,05.09.2026 17:12:38
127,"8 950,00",ML про,05.09.2026 17:27:41
602,"8 450,00",Backend про,05.09.2026 17:42:39
109,"8 950,00",ML про,05.09.2026 17:57:36
398,"8 950,00",ML про,05.09.2026 18:06:36
350,"8 450,00",Аналитика про,05.09.2026 18:12:55
24,"8 950,00",ML про,05.09.2026 18:23:21
553,"8 950,00",ML про,05.09.2026 18:27:14
174,"7 475,00",ML про,05.09.2026 18:41:16
174,"7 475,00",Алгоритмы про,05.09.2026 18:41:16
494,"8 959,00",Алгоритмы про,05.09.2026 19:15:54
377,"7 475,00",Аналитика про,05.09.2026 19:24:12
377,"7 475,00",Аналитика старт,05.09.2026 19:24:12
60,"8 950,00",ML про,05.09.2026 19:44:33
545,"8 950,00",ML про,05.09.2026 19:45:17
147,"7 475,00",ML про,05.09.2026 19:46:01
147,"7 475,00",ML старт,05.09.2026 19:46:01
416,"6 975,00",Backend про,05.09.2026 21:19:33
416,"6 975,00",ML про,05.09.2026 21:19:33
188,"6 975,00",Backend про,06.09.2026 01:03:43
569,"8 950,00",Backend про,06.09.2026 08:00:03
74,"8 450,00",AI агенты,06.09.2026 10:34:28
20,"7 475,00",Аналитика про,06.09.2026 11:07:00
20,"7 475,00",Аналитика старт,06.09.2026 11:07:00
151,"7 475,00",Аналитика про,06.09.2026 11:31:11
42,"8 450,00",ML про,06.09.2026 11:42:46
193,"8 450,00",AI агенты,06.09.2026 11:49:34
105,"8 950,00",Аналитика про,06.09.2026 11:55:22
275,"6 975,00",AI агенты,06.09.2026 11:58:58
275,"6 975,00",ML про,06.09.2026 11:58:58
56,"7 475,00",Backend старт,06.09.2026 12:12:33
44,"6 975,00",AI агенты,06.09.2026 12:29:18
327,"8 950,00",AI агенты,06.09.2026 12:45:38
292,"6 975,00",ML про,06.09.2026 12:59:39
150,"8 950,00",Backend про,06.09.2026 13:11:45
59,"8 950,00",ML про,06.09.2026 13:32:21
154,"8 950,00",Алгоритмы про,06.09.2026 13:40:03
472,"8 950,00",ML про,06.09.2026 13:45:12
601,"6 975,00",Аналитика про,06.09.2026 14:28:33
601,"6 975,00",Аналитика старт,06.09.2026 14:28:33
22,"8 450,00",ML про,06.09.2026 14:41:56
344,"8 950,00",AI агенты,06.09.2026 14:48:52
49,"7 475,00",AI агенты,06.09.2026 14:51:02
49,"7 475,00",Backend про,06.09.2026 14:51:02
113,"8 950,00",Аналитика про,06.09.2026 15:14:57
366,"2 237,50",AI агенты,06.09.2026 15:18:37
366,"2 237,50",ML про,06.09.2026 15:18:37
366,"2 237,50",ML старт,06.09.2026 15:18:37
366,"2 237,50",Алгоритмы старт,06.09.2026 15:18:37
434,"8 450,00",Backend про,06.09.2026 15:23:19
55,"2 237,50",AI агенты,06.09.2026 15:35:13
23,"2 237,50",ML старт,06.09.2026 15:39:44
51,"2 237,50",ML про,06.09.2026 15:46:24
261,"8 950,00",AI агенты,06.09.2026 16:06:04
306,"8 950,00",ML старт,06.09.2026 16:18:59
180,"2 237,50",Алгоритмы старт,06.09.2026 16:23:30
10,"8 450,00",Backend про,06.09.2026 16:25:37
310,"7 475,00",AI агенты,06.09.2026 16:38:02
310,"7 475,00",ML про,06.09.2026 16:38:02
528,"8 950,00",ML про,06.09.2026 16:54:20
97,"8 950,00",Backend про,06.09.2026 17:27:55
449,"8 950,00",Алгоритмы старт,06.09.2026 17:28:24
278,"7 475,00",Аналитика про,06.09.2026 17:31:06
278,"7 475,00",Аналитика старт,06.09.2026 17:31:06
300,"6 950,00",Data Science,06.09.2026 17:58:00
251,"9 950,00",Мат анализ,06.09.2026 18:05:45
347,"7 475,00",Аналитика про,06.09.2026 18:35:08
359,"7 475,00",Аналитика старт,06.09.2026 18:40:33
399,"8 950,00",ML про,06.09.2026 19:02:33
530,"8 950,00",Аналитика про,06.09.2026 19:09:38
396,"9 950,00",Мат анализ,06.09.2026 19:15:37
604,"8 950,00",Аналитика старт,06.09.2026 19:17:57
593,"9 950,00",Мат анализ,06.09.2026 19:53:15
454,"8 950,00",ML про,07.09.2026 04:33:26
63,"8 950,00",Алгоритмы про,07.09.2026 05:24:57
228,"8 950,00",AI агенты,07.09.2026 07:42:35
13,"8 950,00",AI агенты,07.09.2026 07:54:24
465,"4 225,00",Алгоритмы,07.09.2026 08:21:23
125,"8 950,00",ML про,07.09.2026 08:46:37
491,"8 950,00",Аналитика про,07.09.2026 09:04:54
100,"8 950,00",Backend старт,07.09.2026 09:30:42
110,"8 950,00",AI агенты,07.09.2026 10:27:06
119,"8 950,00",Алгоритмы про,07.09.2026 11:34:36
102,"6 475,00",AI агенты,07.09.2026 12:59:48
102,"6 475,00",ML про,07.09.2026 12:59:48
204,"8 950,00",ML про,07.09.2026 13:39:13
214,"8 950,00",AI агенты,07.09.2026 14:02:50
254,"7 475,00",Алгоритмы про,07.09.2026 14:53:39
254,"7 475,00",Алгоритмы старт,07.09.2026 14:53:39
246,"9 950,00",Мат анализ,07.09.2026 16:45:55
509,"18 900,00",Теория вероятностей,07.09.2026 16:51:31
72,"6 975,00",AI агенты,07.09.2026 19:19:58
72,"6 975,00",ML про,07.09.2026 19:19:58
78,"6 950,00",Data Science,08.09.2026 05:10:30
548,"6 975,00",AI агенты,08.09.2026 12:45:32
548,"6 975,00",ML про,08.09.2026 12:45:32
429,"9 950,00",Мат анализ,08.09.2026 13:04:06
499,"8 950,00",Аналитика про,08.09.2026 13:24:34
68,"7 500,00",Алгоритмы про,08.09.2026 17:53:12
68,"7 500,00",Алгоритмы старт,08.09.2026 17:53:12
456,"9 950,00",Мат анализ,08.09.2026 17:57:42
190,"9 950,00",Мат анализ,09.09.2026 02:52:43
80,"6 975,00",ML про,09.09.2026 04:53:08
108,"6 975,00",AI агенты,09.09.2026 04:53:08
358,"8 450,00",Аналитика про,09.09.2026 06:30:33
224,"8 450,00",Аналитика про,09.09.2026 08:55:28
438,"8 950,00",Аналитика про,09.09.2026 13:24:37
283,"7 475,00",AI агенты,09.09.2026 13:34:09
283,"7 475,00",ML про,09.09.2026 13:34:09
381,"8 950,00",Аналитика старт,09.09.2026 14:46:43
212,"7 475,00",Алгоритмы про,09.09.2026 15:03:44
212,"7 475,00",Алгоритмы старт,09.09.2026 15:03:44
567,"7 475,00",AI агенты,09.09.2026 15:06:26
567,"7 475,00",Алгоритмы про,09.09.2026 15:06:26
337,"7 475,00",Алгоритмы про,09.09.2026 15:41:19
349,"7 475,00",Алгоритмы старт,09.09.2026 16:10:16
123,"6 450,00",Data Science,09.09.2026 16:23:01
444,"7 475,00",Алгоритмы про,09.09.2026 16:46:07
444,"7 475,00",Алгоритмы старт,09.09.2026 16:46:07
36,"8 950,00",Алгоритмы,09.09.2026 19:26:20
36,"8 950,00",Дискретка,09.09.2026 19:26:20
36,"8 950,00",Линейная алгебра,09.09.2026 19:26:20
36,"8 950,00",Мат анализ,09.09.2026 19:26:20
36,"8 950,00",Теория вероятностей,09.09.2026 19:26:20
407,"8 950,00",Линейная алгебра,09.09.2026 23:11:20
196,"9 950,00",Линейная алгебра,10.09.2026 06:09:12